sachin,anjali,rahul,sachin
sachin,anjali,rahul,rahul
sachin,anjali,rahul,strauss
sachin,anjali,rahul,vvs
sachin,anjali,rahul,vaughn
sachin,anjali,rahul,gambhir
sachin,anjali,rahul,laxman.
sachin,anjali,rahul,collingwood
sachin,anjali,rahul,effected
sachin,anjali,rahul,gautam
sachin,cricket,amitabh,died.
sachin,cricket,amitabh,paired
sachin,cricket,amitabh,sachin
sachin,cricket,amitabh,rahul
sachin,cricket,amitabh,78.
sachin,cricket,amitabh,phunk
sachin,cricket,amitabh,attractiveness.
sachin,cricket,amitabh,sk.
sachin,cricket,amitabh,sivaramakrishnan
sachin,cricket,amitabh,amit
sachin,ramesh,rahul,sachin
sachin,ramesh,rahul,rahul
sachin,ramesh,rahul,strauss
sachin,ramesh,rahul,vvs
sachin,ramesh,rahul,alastair
sachin,ramesh,rahul,vaughn
sachin,ramesh,rahul,gambhir
sachin,ramesh,rahul,effected
sachin,ramesh,rahul,laxman.
sachin,ramesh,rahul,collingwood
sachin,cricket,amartya,amartya
sachin,cricket,amartya,atul
sachin,cricket,amartya,hans
sachin,cricket,amartya,kasauli
sachin,cricket,amartya,ranveer
sachin,cricket,amartya,mishra
sachin,cricket,amartya,murphy
sachin,cricket,amartya,basu
sachin,cricket,amartya,mismeasuring
sachin,cricket,amartya,udaane
sachin,cricket,amrita,sachin
sachin,cricket,amrita,rahul
sachin,cricket,amrita,share.
sachin,cricket,amrita,pragmatism.
sachin,cricket,amrita,78.
sachin,cricket,amrita,sk.
sachin,cricket,amrita,947334
sachin,cricket,amrita,vasudev
sachin,cricket,amrita,adding
sachin,cricket,amrita,attractiveness.
rahul,dravid,sachin,rahul
rahul,dravid,sachin,attractiveness.
rahul,dravid,sachin,sachin
rahul,dravid,sachin,share.
rahul,dravid,sachin,etched
rahul,dravid,sachin,tumbling
rahul,dravid,sachin,13.96.
rahul,dravid,sachin,awarded.
rahul,dravid,sachin,alastair
rahul,dravid,sachin,kevin
