sachin,anjali,rahul,materialised
sachin,anjali,rahul,sourav
sachin,anjali,rahul,cricketajinkya
sachin,anjali,rahul,gayle
sachin,anjali,rahul,haul.
sachin,anjali,rahul,yahoo
sachin,anjali,rahul,rahul
sachin,anjali,rahul,ganguly
sachin,anjali,rahul,bruised
sachin,anjali,rahul,championships.
sachin,cricket,amitabh,awoke
sachin,cricket,amitabh,mohammad
sachin,cricket,amitabh,dev
sachin,cricket,amitabh,composition
sachin,cricket,amitabh,jiddu
sachin,cricket,amitabh,b.
sachin,cricket,amitabh,mustafa
sachin,cricket,amitabh,shyam
sachin,cricket,amitabh,krishnamurti
sachin,cricket,amitabh,herself
sachin,ramesh,rahul,materialised
sachin,ramesh,rahul,gayle
sachin,ramesh,rahul,sourav
sachin,ramesh,rahul,cricketajinkya
sachin,ramesh,rahul,chris
sachin,ramesh,rahul,rahul
sachin,ramesh,rahul,piled
sachin,ramesh,rahul,haul.
sachin,ramesh,rahul,yahoo
sachin,ramesh,rahul,vengsarkar
sachin,cricket,amartya,59486
sachin,cricket,amartya,shaadmani
sachin,cricket,amartya,krishnamurti
sachin,cricket,amartya,brooks
sachin,cricket,amartya,wednesday
sachin,cricket,amartya,malkauns
sachin,cricket,amartya,steyn
sachin,cricket,amartya,arild
sachin,cricket,amartya,alla
sachin,cricket,amartya,kalyani
sachin,cricket,amrita,havaldar
sachin,cricket,amrita,imran
sachin,cricket,amrita,chauri
sachin,cricket,amrita,p.
sachin,cricket,amrita,rodale.
sachin,cricket,amrita,jiddu
sachin,cricket,amrita,krishnamurti
sachin,cricket,amrita,padh
sachin,cricket,amrita,awoke
sachin,cricket,amrita,composition
rahul,dravid,sachin,rahul
rahul,dravid,sachin,bouncer
rahul,dravid,sachin,integrating
rahul,dravid,sachin,53.19
rahul,dravid,sachin,npr
rahul,dravid,sachin,usa.
rahul,dravid,sachin,432.00
rahul,dravid,sachin,vinod
rahul,dravid,sachin,shaun
rahul,dravid,sachin,sirsasana
