sachin,anjali,rahul,rahul
sachin,anjali,rahul,sachin
sachin,anjali,rahul,ramesh
sachin,anjali,rahul,usual
sachin,anjali,rahul,adds
sachin,anjali,rahul,azharuddin
sachin,anjali,rahul,assertive
sachin,anjali,rahul,spending
sachin,anjali,rahul,fluent
sachin,anjali,rahul,early.
sachin,cricket,amitabh,raina
sachin,cricket,amitabh,half.
sachin,cricket,amitabh,suresh
sachin,cricket,amitabh,rohit
sachin,cricket,amitabh,tendencies
sachin,cricket,amitabh,vijeta
sachin,cricket,amitabh,viru
sachin,cricket,amitabh,marathi
sachin,cricket,amitabh,pendharkar
sachin,cricket,amitabh,ritika
sachin,ramesh,rahul,rahul
sachin,ramesh,rahul,sachin
sachin,ramesh,rahul,anjali
sachin,ramesh,rahul,emphasised
sachin,ramesh,rahul,vijeta
sachin,ramesh,rahul,ramesh
sachin,ramesh,rahul,bradman
sachin,ramesh,rahul,early.
sachin,ramesh,rahul,adds
sachin,ramesh,rahul,prithi
sachin,cricket,amrita,raina
sachin,cricket,amrita,half.
sachin,cricket,amrita,tendencies
sachin,cricket,amrita,marathi
sachin,cricket,amrita,rohit
sachin,cricket,amrita,suresh
sachin,cricket,amrita,vijeta
sachin,cricket,amrita,viru
sachin,cricket,amrita,pendharkar
sachin,cricket,amrita,veteran
rahul,dravid,sachin,wedding
rahul,dravid,sachin,bells
rahul,dravid,sachin,fathers
rahul,dravid,sachin,about
rahul,dravid,sachin,friends
rahul,dravid,sachin,connection
rahul,dravid,sachin,sakshi
rahul,dravid,sachin,met
rahul,dravid,sachin,ringing
rahul,dravid,sachin,priyanka
